text,link
武警深圳练兵，北京对香港释放什么信号？,https://cn.nytimes.com/china/20190819/hongkong-china-troops/
面对北京压力，香港企业和员工的选择与冲突,https://cn.nytimes.com/business/20190819/hong-kong-china-business-workers/
国泰航空CEO辞职说明了什么？,https://cn.nytimes.com/business/20190819/cathay-pacific-ceo-resigns-rupert-hogg/
特朗普为何与香港抗议运动保持距离？,https://cn.nytimes.com/usa/20190816/trump-hong-kong/
阿里巴巴业绩强劲，中国消费者仍在“买买买”,https://cn.nytimes.com/technology/20190816/alibaba-earnings-trade-war/
从香港前往大陆？你的手机可能会被检查,https://cn.nytimes.com/china/20190816/hong-kong-phone-searches/
渲染中国威胁，硅谷就是真的爱国吗？,https://cn.nytimes.com/technology/20190815/the-phony-patriots-of-silicon-valley/
贸易战影响加剧，全球经济拉响衰退警报,https://cn.nytimes.com/business/20190815/economy-world-trade/
“光复香港”背后的港人身份认同危机,https://cn.nytimes.com/china/20190815/hong-kong-protests-identity-china-edward-leung/
机场暴力事件和混乱给香港经济蒙上新阴影,https://cn.nytimes.com/china/20190815/hong-kong-economy-airport-protests/
危机中的亚洲和特朗普的不作为,https://cn.nytimes.com/usa/20190814/trump-asia/
特朗普评论香港局势，未批评北京政府,https://cn.nytimes.com/usa/20190814/hong-kong-trump/
香港抗议者就机场暴力事件道歉,https://cn.nytimes.com/china/20190814/hong-kong-airport-protests-apologies/
香港机场，从城市骄傲变成骚乱中心,https://cn.nytimes.com/china/20190814/hong-kong-airport-protests/
中共如何对香港抗议者展开信息战,https://cn.nytimes.com/china/20190814/hong-kong-protests-china/
美国将推迟加征部分对华关税,https://cn.nytimes.com/business/20190814/china-tariffs/
香港困局：极端立场下，抗议者与中共难和解,https://cn.nytimes.com/china/20190813/hong-kong-protests-communist-party/
近期去香港旅行，你应该知道的7件事,https://cn.nytimes.com/china/20190813/hong-kong-airport-flight-cancellations/
多家奢侈品牌因“问题T恤”向中国道歉,https://cn.nytimes.com/china/20190813/china-donatella-versace-t-shirt/
我们距离下一次核军备竞赛有多远？,https://cn.nytimes.com/world/20190812/arms-race-russia-china/
